{
    "rmse": 0.8027252107102891,
    "mae": 0.6548115082192986,
    "r2": 0.01398318826683742
}